input_description,normalized,status,refseq_chromosome,cdna_transcript,protein_transcript,g_dot,c_dot,p_dot,no_nomenclature
NC_000012.11(NM_016523.3):c.349G>A,NC_000012.11(NM_016523.3):c.349G>A,Success,NC_000012.11,NM_016523.3,NP_057607.1,g.9994422G>A,c.349G>A,p.Glu117Lys,False
NC_000019.9:g.56600356G>A,NC_000019.9:g.56600356G>A,Success,NC_000019.9,,,g.56600356G>A,,,True
NC_000014.8(NM_005132.3):c.638T>C,NC_000014.8(NM_005132.3):c.638T>C,Success,NC_000014.8,NM_005132.3,NP_005123.2,g.24646363T>C,c.638T>C,p.Leu213Pro,False
NC_000008.10:g.8233862C>A,NC_000008.10:g.8233862C>A,Success,NC_000008.10,,,g.8233862C>A,,,True
NC_000014.8:g.24646363T>C,NC_000014.8:g.24646363T>C,Success,NC_000014.8,,,g.24646363T>C,,,True
NC_000012.11(NM_016523.3):c.458A>C,N/A,Failed,,,,,,,False
NC_000019.9(NM_001002836.4):c.185C>T,NC_000019.9(NM_001002836.4):c.185C>T,Success,NC_000019.9,NM_001002836.4,NP_001002836.2,g.56600356G>A,c.185C>T,p.Pro62Leu,False
NC_000017.10(NM_080669.6):c.1307C>T,NC_000017.10(NM_080669.6):c.1307C>T,Success,NC_000017.10,NM_080669.6,NP_542400.2,g.26727641G>A,c.1307C>T,p.Pro436Leu,False
NC_000014.8:g.24646413G>T,NC_000014.8:g.24646413G>T,Success,NC_000014.8,,,g.24646413G>T,,,True
NC_000008.10(NM_001080826.3):c.431G>T,NC_000008.10(NM_001080826.3):c.431G>T,Success,NC_000008.10,NM_001080826.3,NP_001074295.2,g.8235488C>A,c.431G>T,p.Gly144Val,False
NC_000008.10(NM_001080826.3):c.2063G>T,NC_000008.10(NM_001080826.3):c.2063G>T,Success,NC_000008.10,NM_001080826.3,NP_001074295.2,g.8233856C>A,c.2063G>T,p.Gly688Val,False
NC_000016.9:g.3602211C>T,NC_000016.9:g.3602211C>T,Success,NC_000016.9,NM_178844.4,NP_849172.2,g.3602211C>T,c.2336G>A,p.Ser779Asn,False
NC_000017.10:g.26727768G>A,NC_000017.10:g.26727768G>A,Success,NC_000017.10,,,g.26727768G>A,,,True
NC_000019.9(NM_001002836.4):c.530C>T,NC_000019.9(NM_001002836.4):c.530C>T,Success,NC_000019.9,NM_001002836.4,NP_001002836.2,g.56600011G>A,c.530C>T,p.Pro177Leu,False
NC_000008.10:g.8235488C>A,NC_000008.10:g.8235488C>A,Success,NC_000008.10,,,g.8235488C>A,,,True
NC_000012.11:g.9994422G>A,NC_000012.11:g.9994422G>A,Success,NC_000012.11,,,g.9994422G>A,,,True
NC_000016.9:g.3602266C>T,NC_000016.9:g.3602266C>T,Success,NC_000016.9,NM_178844.4,NP_849172.2,g.3602266C>T,c.2282G>A,p.Ser761Asn,False
NC_000014.8(NM_005132.3):c.691G>T,N/A,Failed,,,,,,,False
NC_000017.10:g.26727641G>A,NC_000017.10:g.26727641G>A,Success,NC_000017.10,,,g.26727641G>A,,,True
NC_000019.9:g.56600011G>A,NC_000019.9:g.56600011G>A,Success,NC_000019.9,,,g.56600011G>A,,,True
NC_000012.11:g.9994534A>C,NC_000012.11:g.9994534A>C,Success,NC_000012.11,,,g.9994534A>C,,,True
NC_000017.10(NM_080669.6):c.1181C>T,NC_000017.10(NM_080669.6):c.1181C>T,Success,NC_000017.10,NM_080669.6,NP_542400.2,g.26727768G>A,c.1181C>T,p.Ala394Val,False
